{"age_approx":-0.9771081836,"clin_size_long_diam_mm":-0.9862908151,"tbp_lv_A":1.10618527,"tbp_lv_Aext":1.9347489417,"tbp_lv_B":-0.0495063568,"tbp_lv_Bext":-0.1234387452,"tbp_lv_C":0.3507852472,"tbp_lv_Cext":0.6092569413,"tbp_lv_H":-0.8258464309,"tbp_lv_Hext":-1.7562907235,"tbp_lv_L":-1.8406262193,"tbp_lv_Lext":-2.2066814817,"tbp_lv_areaMM2":-0.8153695364,"tbp_lv_area_perim_ratio":0.1420930739,"tbp_lv_color_std_mean":-1.0007093395,"tbp_lv_deltaA":-0.8703536493,"tbp_lv_deltaB":0.0870034537,"tbp_lv_deltaL":0.8480961786,"tbp_lv_deltaLBnorm":-0.343326572,"tbp_lv_eccentricity":-0.68239329,"tbp_lv_minorAxisMM":-0.7861271497,"tbp_lv_nevi_confidence":-0.7807945642,"tbp_lv_norm_border":0.8210760483,"tbp_lv_norm_color":-1.1830268462,"tbp_lv_perimeterMM":-0.8516800825,"tbp_lv_radial_color_std_max":-1.1272677158,"tbp_lv_stdL":-0.8582797881,"tbp_lv_stdLExt":-0.1408970717,"tbp_lv_symm_2axis":1.4430901378,"tbp_lv_symm_2axis_angle":-1.2949440001,"tbp_lv_x":-0.8532202144,"tbp_lv_y":1.1558322909,"tbp_lv_z":0.6364975505,"lesion_size_ratio":1.2159447969,"lesion_shape_index":-0.4672591753,"hue_contrast":-1.0891935659,"luminance_contrast":-0.8480954191,"lesion_color_difference":-1.0793343737,"border_complexity":0.8687854427,"color_uniformity":0.2109443377,"3d_position_distance":1.1992574811,"perimeter_to_area_ratio":1.3519300883,"lesion_visibility_score":-0.8236803634,"symmetry_border_consistency":1.0781447863,"color_consistency":-0.4089905799,"size_age_interaction":-1.0145685165,"hue_color_std_interaction":-1.047935874,"lesion_severity_index":-0.5218533963,"shape_complexity_index":0.8706188996,"color_contrast_index":0.1131314436,"log_lesion_area":-1.0463828324,"normalized_lesion_size":-0.6748564479,"mean_hue_difference":-1.355704759,"std_dev_contrast":-1.0793343737,"color_shape_composite_index":-0.005591268,"3d_lesion_orientation":0.3240644218,"overall_color_difference":0.2613296639,"symmetry_perimeter_interaction":-0.3596895234,"comprehensive_lesion_index":-0.2680934124,"color_variance_ratio":-0.962446185,"border_color_interaction":-0.7149560282,"size_color_contrast_ratio":-0.9600178869,"age_normalized_nevi_confidence":-0.6860639734,"color_asymmetry_index":-0.7362292759,"3d_volume_approximation":-0.7080148917,"color_range":-1.214817742,"shape_color_consistency":-0.9983351748,"border_length_ratio":0.2273185541,"age_size_symmetry_index":-0.5903263362,"sex_female":0.0,"sex_male":1.0,"anatom_site_general_anterior torso":0.0,"anatom_site_general_head\/neck":0.0,"anatom_site_general_lower extremity":0.0,"anatom_site_general_posterior torso":1.0,"anatom_site_general_upper extremity":0.0,"isic_id":"ISIC_0015657","patient_id":"IP_6074337"}
